<?xml version="1.0" encoding="UTF-8"?>
<Configuration status="off" monitorInterval="1800">
    <properties>
        <property name="LOG_HOME">/Users/ZK/Desktop/onlineShoppingCenter/logs</property>
        <property name="FILE_NAME">interesting</property>
    </properties>

    <Appenders>
        <Console name="Console" target="SYSTEM_OUT">
            <PatternLayout pattern="%d{HH:mm:ss.SSS} [%t] %-5level %logger{36} - %msg%n" />
        </Console>

        <RollingRandomAccessFile
                name="running-log" fileName="${LOG_HOME}/${FILE_NAME}.log"
                filePattern="${LOG_HOME}/$${date:yyyy-MM}/${FILE_NAME}-%d{yyyy-MM-dd}-%i.log.gz">
            <PatternLayout
                    pattern="%date{yyyy-MM-dd HH:mm:ss.SSS} %level [%thread][%file:%line] - %msg%n" />
            <Policies>
                <TimeBasedTriggeringPolicy />
                <SizeBasedTriggeringPolicy size="10 MB" />
            </Policies>

            <DefaultRolloverStrategy max="20" />
        </RollingRandomAccessFile>
    </Appenders>

    <Loggers>
        <Root level="trace">
            <AppenderRef ref="running-log" />
            <AppenderRef ref="Console" />
        </Root>
    </Loggers>
</Configuration>