<?xml version="1.0" encoding="UTF-8"?>
<beans xmlns="http://www.springframework.org/schema/beans"
       xmlns:xsi="http://www.w3.org/2001/XMLSchema-instance"
       xmlns:context="http://www.springframework.org/schema/context"
       xmlns:tx="http://www.springframework.org/schema/tx"
       xsi:schemaLocation="http://www.springframework.org/schema/beans
                           http://www.springframework.org/schema/beans/spring-beans.xsd
                           http://www.springframework.org/schema/context
                           http://www.springframework.org/schema/context/spring-context.xsd http://www.springframework.org/schema/tx
                           http://www.springframework.org/schema/tx/spring-tx.xsd">

    <!--导入配置文件-->
    <context:property-placeholder location="classpath:properties/db.properties" />

     <!--自动扫描与装配bean -->
    <context:component-scan base-package="com"></context:component-scan>



    <!--配置c3p0-->
    <bean id="dataSource" class="com.mchange.v2.c3p0.ComboPooledDataSource">

        <property name="user" value="${jdbc.user}"></property>
        <property name="password" value="${jdbc.password}"></property>
        <property name="driverClass" value="${jdbc.driverClass}"></property>
        <property name="jdbcUrl" value="${jdbc.jdbcUrl}"></property>

    </bean>
    <!--配置sessionFactory-->
    <bean id="sessionFactory" class="org.springframework.orm.hibernate4.LocalSessionFactoryBean">
         <property name="dataSource" ref="dataSource"></property>
        <!--映射实体类-->
        <property name="annotatedClasses">
            <list>
                <value>com.entity.Address</value>
                <value>com.entity.Admin</value>
                <value>com.entity.Order</value>
                <value>com.entity.Picture</value>
                <value>com.entity.ProAttribute</value>
                <value>com.entity.Product</value>
                <value>com.entity.Sort</value>
                <value>com.entity.User</value>
                <value>com.entity.Goods</value>
                <value>com.entity.ProAttributeValue</value>
                <!--<value></value>-->
            </list>
        </property>

        <!--配置hibernate基本属性-->
            <property name="hibernateProperties">
                <props>
                    <!--生成数据表的策略-->
                    <prop key="hibernate.hbm2ddl.auto">update</prop>
                    <!--方言-->
                    <prop key="dialect">org.hibernate.dialect.MySQLDialect</prop>
                    <!--是否显示格式化SQL-->
                    <prop key="hibernate.show_sql">true</prop>
                    <prop key="hibernate.format_sql">true</prop>
                </props>
            </property>
    </bean>
    <!-- 配置声明式的事务管理（采用基于注解的方式）  -->
   <bean id="txManager" class="org.springframework.orm.hibernate4.HibernateTransactionManager">
       <property name="sessionFactory" ref="sessionFactory"></property>
   </bean>
    <tx:annotation-driven transaction-manager="txManager"/>
</beans>