<?xml version="1.0" encoding="UTF-8"?>
<beans xmlns="http://www.springframework.org/schema/beans"
       xmlns:xsi="http://www.w3.org/2001/XMLSchema-instance"
       xmlns:context="http://www.springframework.org/schema/context"
       xmlns:mvc="http://www.springframework.org/schema/mvc"
       xsi:schemaLocation="http://www.springframework.org/schema/beans
                        http://www.springframework.org/schema/beans/spring-beans-3.1.xsd
                        http://www.springframework.org/schema/context
                        http://www.springframework.org/schema/context/spring-context-3.1.xsd
                        http://www.springframework.org/schema/mvc
                        http://www.springframework.org/schema/mvc/spring-mvc-4.0.xsd">
    <!-- 自动扫描该包，使SpringMVC认为包下用了@controller注解的类是控制器 -->
    <context:component-scan base-package="com.*">
        <context:include-filter type="regex"
                                expression="com.*\\.*Controller" />
    </context:component-scan>

    <context:annotation-config />

    <mvc:annotation-driven />

    <bean id="requestMappingHandlerAdapter"
          class="org.springframework.web.servlet.mvc.method.annotation.RequestMappingHandlerAdapter" />

    <!-- 启动SpringMVC的注解功能，完成请求和注解POJO的映射 -->
    <!--<bean-->
            <!--class="org.springframework.web.servlet.mvc.annotation.AnnotationMethodHandlerAdapter">-->
        <!--<property name="messageConverters">-->
            <!--<list>-->
                <!--&lt;!&ndash;<ref bean="mappingJacksonHttpMessageConverter" />&ndash;&gt;-->
            <!--</list>-->
        <!--</property>-->
    <!--</bean>-->

    <!--&lt;!&ndash; 静态资源访问 &ndash;&gt;-->
    <!--<mvc:resources location="/img/" mapping="/img/**"/>-->
    <!--<mvc:resources location="/js/" mapping="/js/**"/>-->
    <!--<mvc:resources location="/css/" mapping="css/**"/>-->

    <!-- 定义跳转的文件的前后缀 ，视图模式配置-->
    <bean id="viewResolver" class="org.springframework.web.servlet.view.InternalResourceViewResolver">
        <property name="viewClass"
                  value="org.springframework.web.servlet.view.JstlView" />
        <property name="prefix" value="/WEB-INF/view/jsp/" />
        <property name="suffix" value=".jsp" />
        <!--<property name="order" value="" />-->
    </bean>

    <!-- 配置文件上传，如果没有使用文件上传可以不用配置，当然如果不配，那么配置文件中也不必引入上传组件包 -->
    <!--<bean id="multipartResolver" class="org.springframework.web.multipart.commons.CommonsMultipartResolver">-->
        <!--<property name="defaultEncoding" value="utf-8" />-->
        <!--<property name="maxUploadSize" value="10485760000" />-->
        <!--<property name="maxInMemorySize" value="40960" />-->
    <!--</bean>-->



</beans>